provincia_id,provincia_nombre,departamento_id,departamento_nombre,anio,delitos_propiedad_hechos,tasa_delitos_propiedad_100k,tasa_delitos_propiedad_pct
2,ciudad autónoma de buenos aires,2001,comuna 1,2024,24297,10994.067900145248,10.994067900145248
2,ciudad autónoma de buenos aires,2002,comuna 2,2024,8829,5497.201277636994,5.497201277636994
2,ciudad autónoma de buenos aires,2003,comuna 3,2024,13277,6860.186940998363,6.8601869409983625
2,ciudad autónoma de buenos aires,2004,comuna 4,2024,15149,6672.862781027557,6.672862781027557
2,ciudad autónoma de buenos aires,2005,comuna 5,2024,9219,4790.3600434400805,4.790360043440081
2,ciudad autónoma de buenos aires,2006,comuna 6,2024,8297,4112.230130251185,4.112230130251185
2,ciudad autónoma de buenos aires,2007,comuna 7,2024,13581,6368.223124607291,6.36822312460729
2,ciudad autónoma de buenos aires,2008,comuna 8,2024,9835,4823.726751942243,4.823726751942243
2,ciudad autónoma de buenos aires,2009,comuna 9,2024,8878,5287.41930104581,5.28741930104581
2,ciudad autónoma de buenos aires,2010,comuna 10,2024,8161,4747.638106762228,4.747638106762228
2,ciudad autónoma de buenos aires,2011,comuna 11,2024,8889,4402.565563012307,4.402565563012308
2,ciudad autónoma de buenos aires,2012,comuna 12,2024,9093,3863.377576859673,3.863377576859673
2,ciudad autónoma de buenos aires,2013,comuna 13,2024,11479,4375.786223459002,4.375786223459002
2,ciudad autónoma de buenos aires,2014,comuna 14,2024,15853,6411.677155290959,6.411677155290958
2,ciudad autónoma de buenos aires,2015,comuna 15,2024,11041,5654.367142088956,5.654367142088956
6,buenos aires,6007,adolfo alsina,2024,85,490.0830258302584,0.4900830258302583
6,buenos aires,6014,adolfo gonzales chaves,2024,216,1681.326379699541,1.681326379699541
6,buenos aires,6021,alberti,2024,87,674.1050674105068,0.6741050674105067
6,buenos aires,6028,almirante brown,2024,8453,1449.3946424009232,1.4493946424009232
6,buenos aires,6035,avellaneda,2024,6568,1793.962039457332,1.793962039457332
6,buenos aires,6042,ayacucho,2024,269,1236.383692604679,1.236383692604679
6,buenos aires,6049,azul,2024,786,1045.8803491590377,1.0458803491590376
6,buenos aires,6056,bahía blanca,2024,4782,1429.5750437213196,1.4295750437213195
6,buenos aires,6058,quilmes,2024,10789,1707.7309290980634,1.7077309290980631
6,buenos aires,6063,balcarce,2024,677,1395.4159452551737,1.3954159452551735
6,buenos aires,6070,baradero,2024,442,1126.889835045764,1.126889835045764
6,buenos aires,6077,arrecifes,2024,473,1474.5767995760202,1.4745767995760202
6,buenos aires,6084,benito juárez,2024,294,1387.7743686570686,1.3877743686570687
6,buenos aires,6091,berazategui,2024,5629,1570.9071018731445,1.5709071018731442
6,buenos aires,6098,berisso,2024,1253,1244.475343894324,1.244475343894324
6,buenos aires,6105,bolívar,2024,396,1064.6878528794966,1.0646878528794967
6,buenos aires,6112,bragado,2024,522,1129.210201830099,1.1292102018300991
6,buenos aires,6119,brandsen,2024,402,1242.658423493045,1.242658423493045
6,buenos aires,6126,campana,2024,1936,1792.991035044825,1.7929910350448246
6,buenos aires,6134,cañuelas,2024,1338,1896.7423662498936,1.896742366249894
6,buenos aires,6140,capitán sarmiento,2024,200,1259.287243420224,1.2592872434202242
6,buenos aires,6147,carlos casares,2024,219,956.1231172233138,0.9561231172233138
6,buenos aires,6154,carlos tejedor,2024,61,435.4965374455629,0.4354965374455629
6,buenos aires,6161,carmen de areco,2024,347,2000.5765350245024,2.0005765350245026
6,buenos aires,6168,castelli,2024,115,1204.062401842739,1.204062401842739
6,buenos aires,6175,colón,2024,410,1496.022768736773,1.496022768736773
6,buenos aires,6182,coronel de marina l. rosales,2024,913,1387.0531577108306,1.3870531577108305
6,buenos aires,6189,coronel dorrego,2024,161,1019.3099081987972,1.019309908198797
6,buenos aires,6196,coronel pringles,2024,386,1600.9954375777686,1.6009954375777686
6,buenos aires,6203,coronel suárez,2024,344,824.682952556757,0.8246829525567569
6,buenos aires,6210,chacabuco,2024,800,1526.455379801179,1.5264553798011793
6,buenos aires,6217,chascomús,2024,805,1907.98985565642,1.90798985565642
6,buenos aires,6224,chivilcoy,2024,725,1027.581710462908,1.027581710462908
6,buenos aires,6231,daireaux,2024,137,747.4901789611524,0.7474901789611523
6,buenos aires,6238,dolores,2024,476,1515.6822162076105,1.5156822162076102
6,buenos aires,6245,ensenada,2024,400,625.2149176279346,0.6252149176279347
6,buenos aires,6252,escobar,2024,3539,1382.0385752388986,1.3820385752388986
6,buenos aires,6260,esteban echeverría,2024,5931,1755.3569314549543,1.7553569314549544
6,buenos aires,6266,exaltación de la cruz,2024,484,1208.9119792187032,1.208911979218703
6,buenos aires,6270,ezeiza,2024,2857,1438.4251334206022,1.4384251334206022
6,buenos aires,6274,florencio varela,2024,4985,1021.3008319965252,1.021300831996525
6,buenos aires,6277,florentino ameghino,2024,149,1384.8870712891533,1.3848870712891532
6,buenos aires,6280,general alvarado,2024,1488,3284.260710265522,3.284260710265522
6,buenos aires,6287,general alvear,2024,98,965.5172413793103,0.9655172413793104
6,buenos aires,6294,general arenales,2024,104,640.7491836608958,0.6407491836608958
6,buenos aires,6301,general belgrano,2024,218,1054.464544838928,1.054464544838928
6,buenos aires,6308,general guido,2024,14,443.4589800443459,0.4434589800443459
6,buenos aires,6315,general juan madariaga,2024,395,1750.420987326066,1.750420987326066
6,buenos aires,6322,general la madrid,2024,91,788.903337667967,0.788903337667967
6,buenos aires,6329,general las heras,2024,119,661.8464961067853,0.6618464961067853
6,buenos aires,6336,general lavalle,2024,59,1217.498968221213,1.2174989682212134
6,buenos aires,6343,general paz,2024,72,509.1577681917828,0.5091577681917827
6,buenos aires,6351,general pinto,2024,85,661.8906712350101,0.6618906712350101
6,buenos aires,6357,general pueyrredón,2024,13657,2067.460023101296,2.067460023101296
6,buenos aires,6364,general rodríguez,2024,2250,1580.9998946000069,1.5809998946000068
6,buenos aires,6371,general san martín,2024,9001,2024.9582117556013,2.0249582117556013
6,buenos aires,6385,general viamonte,2024,210,932.0905459387484,0.9320905459387484
6,buenos aires,6392,general villegas,2024,350,998.4310369419484,0.9984310369419483
6,buenos aires,6399,guaminí,2024,116,994.6835877208026,0.9946835877208026
6,buenos aires,6406,hipólito yrigoyen,2024,71,671.0140818448161,0.6710140818448161
6,buenos aires,6408,hurlingham,2024,2393,1290.994329983114,1.290994329983114
6,buenos aires,6410,ituzaingó,2024,3141,1764.7752875274605,1.7647752875274605
6,buenos aires,6412,josé c. paz,2024,5160,1580.2674817090165,1.5802674817090163
6,buenos aires,6413,junín,2024,1898,1879.8779763083871,1.8798779763083877
6,buenos aires,6420,la costa,2024,2528,2517.9282868525897,2.5179282868525896
6,buenos aires,6427,la matanza,2024,35190,1915.4481245046725,1.9154481245046724
6,buenos aires,6434,lanús,2024,9389,2040.727611007627,2.040727611007627
6,buenos aires,6441,la plata,2024,11883,1571.6715559588083,1.5716715559588084
6,buenos aires,6448,laprida,2024,132,1148.2254697286012,1.1482254697286012
6,buenos aires,6455,las flores,2024,272,1002.3584905660376,1.0023584905660377
6,buenos aires,6462,leandro n. alem,2024,191,1113.50784119396,1.1135078411939603
6,buenos aires,6466,lezama,2024,81,1312.803889789303,1.312803889789303
6,buenos aires,6469,lincoln,2024,526,1163.9485738310725,1.1639485738310724
6,buenos aires,6476,lobería,2024,269,1485.6953496078647,1.4856953496078649
6,buenos aires,6483,lobos,2024,627,1513.8345646820223,1.5138345646820224
6,buenos aires,6490,lomas de zamora,2024,9292,1355.2222436133036,1.3552222436133037
6,buenos aires,6497,luján,2024,2321,2107.87296455395,2.10787296455395
6,buenos aires,6505,magdalena,2024,235,1037.3901911446608,1.0373901911446608
6,buenos aires,6511,maipú,2024,149,1324.0913534168667,1.3240913534168666
6,buenos aires,6515,malvinas argentinas,2024,5153,1474.8097458221357,1.4748097458221356
6,buenos aires,6518,mar chiquita,2024,581,1762.047736026446,1.762047736026446
6,buenos aires,6525,marcos paz,2024,860,1327.959728849153,1.327959728849153
6,buenos aires,6532,mercedes,2024,1083,1525.3091462212333,1.5253091462212331
6,buenos aires,6539,merlo,2024,8075,1388.6882528152107,1.388688252815211
6,buenos aires,6547,monte,2024,409,1661.5209619759507,1.6615209619759506
6,buenos aires,6553,monte hermoso,2024,225,2664.613927048792,2.664613927048792
6,buenos aires,6560,moreno,2024,7220,1253.9990760006808,1.2539990760006807
6,buenos aires,6568,morón,2024,9796,2972.835999356634,2.972835999356634
6,buenos aires,6574,navarro,2024,342,1719.6299275945294,1.7196299275945293
6,buenos aires,6581,necochea,2024,1888,1860.41011795079,1.86041011795079
6,buenos aires,6588,9 de julio,2024,538,1027.3841805751824,1.0273841805751824
6,buenos aires,6595,olavarría,2024,1866,1529.3703026776277,1.5293703026776275
6,buenos aires,6602,patagones,2024,596,1589.3757166857783,1.5893757166857785
6,buenos aires,6609,pehuajó,2024,600,1345.4724850876798,1.3454724850876798
6,buenos aires,6616,pellegrini,2024,53,745.2193475815524,0.7452193475815524
6,buenos aires,6623,pergamino,2024,2282,1984.554910077573,1.9845549100775728
6,buenos aires,6630,pila,2024,24,520.0433369447454,0.5200433369447455
6,buenos aires,6638,pilar,2024,4194,1065.510881218656,1.065510881218656
6,buenos aires,6644,pinamar,2024,1360,3467.2649398327558,3.4672649398327557
6,buenos aires,6648,presidente perón,2024,1093,1071.631664607722,1.071631664607722
6,buenos aires,6651,puán,2024,163,994.448172777744,0.994448172777744
6,buenos aires,6655,punta indio,2024,106,871.6388454896801,0.8716388454896801
6,buenos aires,6665,ramallo,2024,634,1599.0718321226796,1.5990718321226796
6,buenos aires,6672,rauch,2024,173,1049.0570614274452,1.0490570614274453
6,buenos aires,6679,rivadavia,2024,212,1074.233595135546,1.074233595135546
6,buenos aires,6686,rojas,2024,341,1331.04336625161,1.33104336625161
6,buenos aires,6693,roque pérez,2024,102,733.7601611394864,0.7337601611394864
6,buenos aires,6700,saavedra,2024,184,859.5319288083338,0.8595319288083337
6,buenos aires,6707,saladillo,2024,303,855.3764503288824,0.8553764503288824
6,buenos aires,6714,salto,2024,302,769.2895534554347,0.7692895534554347
6,buenos aires,6721,salliqueló,2024,64,684.931506849315,0.684931506849315
6,buenos aires,6728,san andrés de giles,2024,171,647.7518087806357,0.6477518087806357
6,buenos aires,6735,san antonio de areco,2024,318,1191.234313541862,1.1912343135418615
6,buenos aires,6742,san cayetano,2024,78,874.6355685131196,0.8746355685131195
6,buenos aires,6749,san fernando,2024,1673,977.796480400236,0.977796480400236
6,buenos aires,6756,san isidro,2024,5131,1733.5747927210807,1.7335747927210807
6,buenos aires,6760,san miguel,2024,3415,1042.2707157027316,1.0422707157027316
6,buenos aires,6763,san nicolás,2024,3036,1821.7056589282176,1.8217056589282177
6,buenos aires,6770,san pedro,2024,1886,2759.205887086156,2.759205887086156
6,buenos aires,6778,san vicente,2024,1250,1276.4349681912406,1.2764349681912406
6,buenos aires,6784,suipacha,2024,86,732.7880027266531,0.732788002726653
6,buenos aires,6791,tandil,2024,2241,1548.9569941525317,1.548956994152532
6,buenos aires,6798,tapalqué,2024,89,832.1645628798503,0.8321645628798504
6,buenos aires,6805,tigre,2024,5695,1276.0732347280136,1.2760732347280137
6,buenos aires,6812,tordillo,2024,13,514.2405063291139,0.5142405063291139
6,buenos aires,6819,tornquist,2024,106,726.4752244534302,0.7264752244534302
6,buenos aires,6826,trenque lauquen,2024,731,1487.949845302068,1.487949845302068
6,buenos aires,6833,tres arroyos,2024,1236,1997.123883081,1.997123883081
6,buenos aires,6840,tres de febrero,2024,6930,1912.6791584211703,1.9126791584211704
6,buenos aires,6847,tres lomas,2024,66,726.072607260726,0.7260726072607261
6,buenos aires,6854,25 de mayo,2024,358,1010.985287057694,1.010985287057694
6,buenos aires,6861,vicente lópez,2024,4032,1437.2230796924514,1.4372230796924514
6,buenos aires,6868,villa gesell,2024,1745,4675.150703281983,4.675150703281982
6,buenos aires,6875,villarino,2024,334,1026.0506266896043,1.0260506266896043
6,buenos aires,6882,zárate,2024,1908,1451.889053760986,1.4518890537609863
10,catamarca,10007,ambato,2024,81,1592.294082956556,1.592294082956556
10,catamarca,10014,ancasti,2024,43,1310.1767215112736,1.3101767215112736
10,catamarca,10021,andalgalá,2024,367,1877.7180864671277,1.8777180864671272
10,catamarca,10028,antofagasta de la sierra,2024,29,1591.6575192096598,1.5916575192096598
10,catamarca,10035,belén,2024,444,1462.7878628142194,1.4627878628142192
10,catamarca,10042,capayán,2024,306,1571.5679728827488,1.5715679728827487
10,catamarca,10049,capital,2024,8135,4362.725644353394,4.362725644353394
10,catamarca,10056,el alto,2024,75,1714.2857142857144,1.7142857142857144
10,catamarca,10063,fray mamerto esquiú,2024,444,3036.105032822757,3.036105032822757
10,catamarca,10070,la paz,2024,275,1043.9998481454766,1.0439998481454766
10,catamarca,10077,paclín,2024,49,1043.4412265758092,1.043441226575809
10,catamarca,10084,pomán,2024,103,842.9495048694656,0.8429495048694656
10,catamarca,10091,santa maría,2024,587,2188.501975989859,2.188501975989859
10,catamarca,10098,santa rosa,2024,166,1246.5269955695726,1.2465269955695726
10,catamarca,10105,tinogasta,2024,408,1615.5856497980517,1.615585649798052
10,catamarca,10112,valle viejo,2024,1234,3634.649936673441,3.634649936673441
14,córdoba,14007,calamuchita,2024,2807,3719.752988258991,3.7197529882589913
14,córdoba,14014,capital,2024,91725,6122.918975207936,6.122918975207935
14,córdoba,14021,colón,2024,9370,3181.5450017147077,3.181545001714707
14,córdoba,14028,cruz del eje,2024,1546,2387.7185395687898,2.3877185395687897
14,córdoba,14035,general roca,2024,556,1541.70363797693,1.54170363797693
14,córdoba,14042,general san martín,2024,3224,2115.5272085408506,2.1155272085408505
14,córdoba,14049,ischilín,2024,739,2051.46711823002,2.05146711823002
14,córdoba,14056,juárez celman,2024,1114,1630.633663656191,1.630633663656191
14,córdoba,14063,marcos juárez,2024,833,776.4293570456537,0.7764293570456536
14,córdoba,14070,minas,2024,141,2904.2224510813594,2.90422245108136
14,córdoba,14077,pocho,2024,87,1715.9763313609467,1.7159763313609466
14,córdoba,14084,presidente roque sáenz peña,2024,609,1621.7943596708476,1.6217943596708475
14,córdoba,14091,punilla,2024,11064,5040.684483402735,5.040684483402735
14,córdoba,14098,río cuarto,2024,5742,2065.623662219088,2.0656236622190884
14,córdoba,14105,río primero,2024,924,1588.1473333218748,1.5881473333218747
14,córdoba,14112,río seco,2024,217,1420.6219312602293,1.4206219312602293
14,córdoba,14119,río segundo,2024,2945,2599.041575839945,2.599041575839945
14,córdoba,14126,san alberto,2024,748,1779.7235242332677,1.7797235242332676
14,córdoba,14133,san javier,2024,473,754.3859649122807,0.7543859649122807
14,córdoba,14140,san justo,2024,3481,1520.4126647186515,1.5204126647186516
14,córdoba,14147,santa maría,2024,3764,2707.679912525537,2.707679912525537
14,córdoba,14154,sobremonte,2024,79,1803.24126911664,1.80324126911664
14,córdoba,14161,tercero arriba,2024,587,488.32430723668335,0.4883243072366833
14,córdoba,14168,totoral,2024,421,1873.3591420816088,1.8733591420816087
14,córdoba,14175,tulumba,2024,159,1128.299744535907,1.1282997445359069
14,córdoba,14182,unión,2024,1885,1658.8199058388702,1.6588199058388702
18,corrientes,18007,bella vista,2024,209,471.04960670738575,0.4710496067073857
18,corrientes,18014,berón de astrada,2024,6,213.67521367521368,0.2136752136752137
18,corrientes,18021,capital,2024,6468,1478.582499325631,1.478582499325631
18,corrientes,18028,concepción,2024,281,1069.661210506281,1.0696612105062808
18,corrientes,18035,curuzú cuatiá,2024,513,996.3293130571576,0.9963293130571578
18,corrientes,18042,empedrado,2024,114,635.1682638734121,0.6351682638734121
18,corrientes,18049,esquina,2024,321,819.546568627451,0.819546568627451
18,corrientes,18056,general alvear,2024,147,1624.1299303944315,1.6241299303944314
18,corrientes,18063,general paz,2024,98,575.9285378467324,0.5759285378467325
18,corrientes,18070,goya,2024,1062,999.783474388786,0.9997834743887858
18,corrientes,18077,itatí,2024,136,1138.4563870751715,1.1384563870751716
18,corrientes,18084,ituzaingó,2024,455,1173.6786442077023,1.1736786442077023
18,corrientes,18091,lavalle,2024,148,366.2822353115874,0.3662822353115874
18,corrientes,18098,mburucuyá,2024,66,571.8741876787107,0.5718741876787107
18,corrientes,18105,mercedes,2024,489,981.7897082739372,0.9817897082739372
18,corrientes,18112,monte caseros,2024,416,912.2406911977544,0.9122406911977544
18,corrientes,18119,paso de los libres,2024,825,1453.0275811053575,1.4530275811053577
18,corrientes,18126,saladas,2024,209,717.5719288608117,0.7175719288608117
18,corrientes,18133,san cosme,2024,360,1829.361248030896,1.829361248030896
18,corrientes,18140,san luis del palmar,2024,149,696.8804078387353,0.6968804078387353
18,corrientes,18147,san martín,2024,173,1140.8599314165128,1.1408599314165129
18,corrientes,18154,san miguel,2024,86,677.1653543307086,0.6771653543307087
18,corrientes,18161,san roque,2024,124,546.689004496958,0.546689004496958
18,corrientes,18168,santo tomé,2024,763,1060.8714996802091,1.060871499680209
18,corrientes,18175,sauce,2024,87,837.9888268156425,0.8379888268156425
22,chaco,22007,almirante brown,2024,211,558.2896756098852,0.5582896756098852
22,chaco,22014,bermejo,2024,337,1200.9978617248753,1.200997861724875
22,chaco,22021,comandante fernández,2024,1522,1505.648655600182,1.505648655600182
22,chaco,22028,chacabuco,2024,522,1513.3505348911374,1.5133505348911374
22,chaco,22036,12 de octubre,2024,136,586.7379955994651,0.586737995599465
22,chaco,22039,2 de abril,2024,38,457.28038507821896,0.457280385078219
22,chaco,22043,fray justo santa maría de oro,2024,71,667.1051395283286,0.6671051395283285
22,chaco,22049,general belgrano,2024,221,1725.6188022175372,1.7256188022175372
22,chaco,22056,general donovan,2024,94,624.1285439213864,0.6241285439213863
22,chaco,22063,general güemes,2024,855,1249.4702538397464,1.2494702538397464
22,chaco,22070,independencia,2024,185,842.901403316931,0.842901403316931
22,chaco,22077,libertad,2024,262,1901.9963702359344,1.9019963702359344
22,chaco,22084,libertador general san martín,2024,787,1205.1329168197967,1.2051329168197966
22,chaco,22091,maipú,2024,184,698.186233588829,0.698186233588829
22,chaco,22098,mayor luis j. fontana,2024,835,1396.3677714973744,1.3963677714973743
22,chaco,22105,9 de julio,2024,245,810.6409026238294,0.8106409026238295
22,chaco,22112,o' higgins,2024,207,960.8243594504272,0.9608243594504272
22,chaco,22119,presidencia de la plaza,2024,130,932.7019658487588,0.9327019658487588
22,chaco,22126,1º de mayo,2024,175,1226.7788293024885,1.2267788293024886
22,chaco,22133,quitilipi,2024,205,632.1307431390688,0.6321307431390688
22,chaco,22140,san fernando,2024,8017,1937.5779429819895,1.9375779429819897
22,chaco,22147,san lorenzo,2024,122,760.3614833281396,0.7603614833281396
22,chaco,22154,sargento cabral,2024,132,706.0333761232349,0.7060333761232349
22,chaco,22161,tapenagá,2024,23,567.7610466551469,0.5677610466551469
22,chaco,22168,25 de mayo,2024,366,1122.492792737533,1.122492792737533
26,chubut,26007,biedma,2024,2227,2166.215979612085,2.166215979612085
26,chubut,26014,cushamen,2024,556,1978.718103847112,1.978718103847112
26,chubut,26021,escalante,2024,5095,2371.6537338999856,2.371653733899985
26,chubut,26028,florentino ameghino,2024,20,1122.334455667789,1.122334455667789
26,chubut,26035,futaleufú,2024,891,1783.248273791654,1.783248273791654
26,chubut,26042,gaiman,2024,292,2335.065973610556,2.335065973610556
26,chubut,26056,languiñeo,2024,37,1292.8022361984629,1.2928022361984626
26,chubut,26063,mártires,2024,7,940.8602150537636,0.9408602150537636
26,chubut,26070,paso de indios,2024,30,1594.0488841657811,1.5940488841657812
26,chubut,26077,rawson,2024,5664,3921.894474449522,3.9218944744495214
26,chubut,26084,río senguer,2024,40,630.2190011028832,0.6302190011028832
26,chubut,26091,sarmiento,2024,219,1512.7443531118329,1.5127443531118323
26,chubut,26098,tehuelches,2024,74,1244.324869682193,1.2443248696821927
26,chubut,26105,telsen,2024,6,373.13432835820896,0.3731343283582089
30,entre ríos,30008,colón,2024,1610,2149.8197356122314,2.149819735612231
30,entre ríos,30015,concordia,2024,5017,2538.929064842133,2.538929064842133
30,entre ríos,30021,diamante,2024,947,1810.2920935922923,1.8102920935922924
30,entre ríos,30028,federación,2024,1128,1441.275682306041,1.441275682306041
30,entre ríos,30035,federal,2024,252,856.0945780676722,0.8560945780676722
30,entre ríos,30042,feliciano,2024,312,1866.363581982413,1.866363581982413
30,entre ríos,30049,gualeguay,2024,1397,2459.680259173181,2.459680259173181
30,entre ríos,30056,gualeguaychú,2024,1139,909.918834281332,0.909918834281332
30,entre ríos,30063,islas del ibicuy,2024,198,1415.903890160183,1.415903890160183
30,entre ríos,30070,la paz,2024,764,1014.9991364536144,1.0149991364536144
30,entre ríos,30077,nogoyá,2024,782,1820.552218652512,1.820552218652512
30,entre ríos,30084,paraná,2024,12939,3328.6512518136637,3.3286512518136635
30,entre ríos,30088,san salvador,2024,322,1549.119599730588,1.549119599730588
30,entre ríos,30091,tala,2024,383,1231.8677430767746,1.2318677430767746
30,entre ríos,30098,uruguay,2024,2291,1983.2750441497285,1.983275044149728
30,entre ríos,30105,victoria,2024,1077,2672.390263268901,2.672390263268902
30,entre ríos,30113,villaguay,2024,904,1635.1928225164604,1.6351928225164605
34,formosa,34007,bermejo,2024,176,1128.2051282051284,1.1282051282051282
34,formosa,34014,formosa,2024,7869,2929.9405745945223,2.9299405745945224
34,formosa,34021,laishi,2024,270,1400.7782101167315,1.4007782101167316
34,formosa,34028,matacos,2024,521,3061.6442381148263,3.0616442381148263
34,formosa,34035,patiño,2024,1250,1531.862745098039,1.531862745098039
34,formosa,34042,pilagás,2024,166,869.6107706008696,0.8696107706008696
34,formosa,34049,pilcomayo,2024,2350,2496.9186960771813,2.496918696077181
34,formosa,34056,pirané,2024,1177,1622.1058434399115,1.6221058434399118
34,formosa,34063,ramón lista,2024,153,865.4825206471321,0.865482520647132
38,jujuy,38007,cochinoca,2024,259,1726.8969195892787,1.7268969195892787
38,jujuy,38014,el carmen,2024,2799,2289.402007214193,2.2894020072141927
38,jujuy,38021,dr. manuel belgrano,2024,10214,3197.180321095318,3.197180321095318
38,jujuy,38028,humahuaca,2024,469,2246.4913541217607,2.246491354121761
38,jujuy,38035,ledesma,2024,1799,1911.1460502273403,1.9111460502273403
38,jujuy,38042,palpalá,2024,1948,2973.047220780806,2.9730472207808063
38,jujuy,38049,rinconada,2024,27,1502.504173622705,1.5025041736227045
38,jujuy,38056,san antonio,2024,67,995.6902957348788,0.9956902957348788
38,jujuy,38063,san pedro,2024,2041,2313.0886136201366,2.3130886136201365
38,jujuy,38070,santa bárbara,2024,212,1034.2977021027468,1.0342977021027469
38,jujuy,38077,santa catalina,2024,17,643.6955698599015,0.6436955698599016
38,jujuy,38084,susques,2024,25,630.3580433686334,0.6303580433686334
38,jujuy,38094,tilcara,2024,418,2858.9015799192944,2.8589015799192943
38,jujuy,38098,tumbaya,2024,60,1132.502831257078,1.1325028312570782
38,jujuy,38105,valle grande,2024,7,281.12449799196787,0.2811244979919678
38,jujuy,38112,yavi,2024,442,1711.1222949169603,1.7111222949169602
42,la pampa,42007,atreucó,2024,128,1158.0566362073646,1.1580566362073643
42,la pampa,42014,caleu caleu,2024,50,1914.9751053236307,1.9149751053236308
42,la pampa,42021,capital,2024,3639,3070.782420846554,3.070782420846554
42,la pampa,42028,catriló,2024,102,1240.1215805471124,1.2401215805471124
42,la pampa,42035,conhelo,2024,96,636.0143103219823,0.6360143103219823
42,la pampa,42042,curacó,2024,3,271.985494106981,0.271985494106981
42,la pampa,42049,chalileo,2024,55,1917.7126917712692,1.9177126917712688
42,la pampa,42056,chapaleufú,2024,186,1515.0281013276858,1.5150281013276858
42,la pampa,42063,chicalcó,2024,4,273.7850787132101,0.2737850787132101
42,la pampa,42070,guatraché,2024,54,574.651484516335,0.5746514845163351
42,la pampa,42077,hucal,2024,61,790.8725528328796,0.7908725528328796
42,la pampa,42084,lihuel calel,2024,4,934.5794392523364,0.9345794392523364
42,la pampa,42091,limay mahuida,2024,0,0.0,0.0
42,la pampa,42098,loventué,2024,127,1374.0127664178297,1.3740127664178297
42,la pampa,42105,maracó,2024,1163,1683.8721820840633,1.6838721820840632
42,la pampa,42112,puelén,2024,371,3188.380886902716,3.188380886902716
42,la pampa,42119,quemú ouemú,2024,66,785.3403141361256,0.7853403141361256
42,la pampa,42126,rancul,2024,109,982.867448151488,0.982867448151488
42,la pampa,42133,realicó,2024,134,772.0672966121226,0.7720672966121226
42,la pampa,42140,toay,2024,265,1478.2172142578231,1.4782172142578234
42,la pampa,42147,trenel,2024,33,585.4177754124534,0.5854177754124534
42,la pampa,42154,utracán,2024,156,882.0536017188737,0.8820536017188737
46,la rioja,46007,arauco,2024,182,1119.931081164236,1.119931081164236
46,la rioja,46014,capital,2024,4936,2344.8151367888004,2.3448151367888004
46,la rioja,46021,castro barros,2024,33,567.986230636833,0.5679862306368331
46,la rioja,46028,coronel felipe varela,2024,38,334.183449124967,0.334183449124967
46,la rioja,46035,chamical,2024,271,1733.8451695457454,1.7338451695457453
46,la rioja,46042,chilecito,2024,486,828.2067449429969,0.828206744942997
46,la rioja,46049,famatina,2024,40,572.737686139748,0.572737686139748
46,la rioja,46063,general belgrano,2024,56,735.3906762967827,0.7353906762967827
46,la rioja,46070,general juan f. quiroga,2024,11,274.109145277847,0.2741091452778469
46,la rioja,46077,general lamadrid,2024,8,424.4031830238727,0.4244031830238726
46,la rioja,46091,general san martín,2024,31,617.8991429140921,0.6178991429140921
46,la rioja,46098,vinchina,2024,10,371.0575139146568,0.3710575139146568
46,la rioja,46105,independencia,2024,6,250.10421008753647,0.2501042100875364
46,la rioja,46112,rosario vera peñaloza,2024,79,501.1418421720376,0.5011418421720376
46,la rioja,46119,san blas de los sauces,2024,8,185.78727357176032,0.1857872735717603
46,la rioja,46126,sanagasta,2024,46,1536.4061456245825,1.5364061456245823
50,mendoza,50007,capital,2024,10863,8780.665238653357,8.780665238653357
50,mendoza,50014,general alvear,2024,1578,3012.657744515932,3.012657744515932
50,mendoza,50021,godoy cruz,2024,8239,4234.748685475208,4.234748685475208
50,mendoza,50028,guaymallén,2024,11541,3596.7725347569585,3.5967725347569584
50,mendoza,50035,junín,2024,1228,2642.451368566018,2.642451368566018
50,mendoza,50042,la paz,2024,311,2587.7849891828923,2.587784989182893
50,mendoza,50049,las heras,2024,7655,3273.619883766181,3.2736198837661807
50,mendoza,50056,lavalle,2024,1045,2219.343329227371,2.219343329227371
50,mendoza,50063,luján de cuyo,2024,6651,3869.49261997987,3.8694926199798703
50,mendoza,50070,maipú,2024,6777,3096.118088328681,3.096118088328681
50,mendoza,50077,malargüe,2024,1020,3129.218308994969,3.129218308994969
50,mendoza,50084,rivadavia,2024,1997,3140.480271745113,3.140480271745113
50,mendoza,50091,san carlos,2024,984,2475.3471523445364,2.4753471523445363
50,mendoza,50098,san martín,2024,4694,3367.14345150137,3.36714345150137
50,mendoza,50105,san rafael,2024,8779,4117.65257687473,4.11765257687473
50,mendoza,50112,santa rosa,2024,510,2631.7147427627847,2.6317147427627847
50,mendoza,50119,tunuyán,2024,2226,3711.732141666111,3.711732141666111
50,mendoza,50126,tupungato,2024,1296,3148.076175670424,3.148076175670424
54,misiones,54007,apóstoles,2024,534,1057.3629289349149,1.057362928934915
54,misiones,54014,cainguás,2024,702,1172.4425887265136,1.1724425887265135
54,misiones,54021,candelaria,2024,642,1837.1726999570756,1.8371726999570757
54,misiones,54028,capital,2024,7284,1860.545903171919,1.8605459031719191
54,misiones,54035,concepción,2024,125,1213.2388624672426,1.2132388624672426
54,misiones,54042,eldorado,2024,1568,1720.5622551655274,1.7205622551655273
54,misiones,54049,general manuel belgrano,2024,589,1295.7585357268567,1.2957585357268568
54,misiones,54056,guaraní,2024,746,967.8884203697696,0.9678884203697696
54,misiones,54063,iguazú,2024,1371,1373.224623890703,1.3732246238907029
54,misiones,54070,leandro n. alem,2024,485,981.9602761636736,0.9819602761636734
54,misiones,54077,libertador grl. san martín,2024,553,1060.0774450791705,1.0600774450791703
54,misiones,54084,montecarlo,2024,490,1268.772656654583,1.2687726566545832
54,misiones,54091,oberá,2024,1959,1622.9919720305213,1.6229919720305213
54,misiones,54098,san ignacio,2024,785,1242.2065385954363,1.2422065385954364
54,misiones,54105,san javier,2024,153,662.9116117850953,0.6629116117850953
54,misiones,54112,san pedro,2024,447,1288.5557797636206,1.288555779763621
54,misiones,54119,25 de mayo,2024,239,774.0389286523949,0.774038928652395
58,neuquén,58007,aluminé,2024,41,403.02762213702937,0.4030276221370293
58,neuquén,58014,añelo,2024,818,4506.887052341598,4.506887052341599
58,neuquén,58021,catán lil,2024,9,340.7800075728891,0.340780007572889
58,neuquén,58028,collón curá,2024,16,331.1258278145696,0.3311258278145695
58,neuquén,58035,confluencia,2024,17478,3740.874154835976,3.740874154835976
58,neuquén,58042,chos malal,2024,255,1394.2807151839904,1.3942807151839904
58,neuquén,58049,huiliches,2024,199,954.29914161032,0.95429914161032
58,neuquén,58056,lácar,2024,976,2466.7020496878717,2.4667020496878718
58,neuquén,58063,loncopué,2024,112,1455.3014553014557,1.4553014553014554
58,neuquén,58070,los lagos,2024,372,2399.690362533867,2.3996903625338666
58,neuquén,58077,minas,2024,45,485.59404337973456,0.4855940433797345
58,neuquén,58084,ñorquín,2024,79,1417.8033022254126,1.4178033022254126
58,neuquén,58091,pehuenches,2024,596,2005.316106456714,2.0053161064567138
58,neuquén,58098,picún leufú,2024,134,2634.165519952821,2.6341655199528207
58,neuquén,58105,picunches,2024,71,838.1537008617636,0.8381537008617636
58,neuquén,58112,zapala,2024,911,2000.4391743522176,2.0004391743522176
62,río negro,62007,adolfo alsina,2024,2652,4153.810008614613,4.153810008614613
62,río negro,62014,avellaneda,2024,853,2072.400388726919,2.072400388726919
62,río negro,62021,bariloche,2024,3973,2460.9304832045987,2.4609304832045984
62,río negro,62028,conesa,2024,165,2230.3325223033253,2.230332522303325
62,río negro,62035,el cuy,2024,125,1795.9770114942528,1.7959770114942528
62,río negro,62042,general roca,2024,8480,2233.771570515269,2.233771570515269
62,río negro,62049,9 de julio,2024,34,923.4111895708854,0.9234111895708854
62,río negro,62056,ñorquincó,2024,17,1170.7988980716254,1.1707988980716253
62,río negro,62063,pichi mahuida,2024,146,885.2240344388529,0.8852240344388529
62,río negro,62070,pilcaniyeu,2024,161,1729.5090772370822,1.7295090772370822
62,río negro,62077,san antonio,2024,1334,3760.6066585854032,3.760606658585403
62,río negro,62084,valcheta,2024,36,837.2093023255815,0.8372093023255814
62,río negro,62091,25 de mayo,2024,71,428.87345212926607,0.4288734521292661
66,salta,66007,anta,2024,3069,4419.515566947957,4.419515566947957
66,salta,66014,cachi,2024,203,2273.7455197132617,2.2737455197132617
66,salta,66021,cafayate,2024,761,4270.003366625519,4.270003366625518
66,salta,66028,capital,2024,31615,5066.482052169621,5.06648205216962
66,salta,66035,cerrillos,2024,1804,3238.0234415666005,3.2380234415666003
66,salta,66042,chicoana,2024,603,2439.8138782116125,2.4398138782116123
66,salta,66049,general güemes,2024,2035,3650.486133534245,3.650486133534245
66,salta,66056,grl. josé de san martín,2024,6478,3650.646950092421,3.650646950092421
66,salta,66063,guachipas,2024,40,1145.8034947006588,1.1458034947006588
66,salta,66070,iruya,2024,45,735.7750163505559,0.735775016350556
66,salta,66077,la caldera,2024,602,4915.89090315205,4.915890903152049
66,salta,66084,la candelaria,2024,103,1434.1409078251183,1.4341409078251184
66,salta,66091,la poma,2024,7,391.28004471771936,0.3912800447177194
66,salta,66098,la viña,2024,206,2317.731773177318,2.317731773177317
66,salta,66105,los andes,2024,74,1030.3536619326092,1.0303536619326092
66,salta,66112,metán,2024,1736,3614.558174398268,3.614558174398268
66,salta,66119,molinos,2024,31,533.7465564738292,0.5337465564738292
66,salta,66126,orán,2024,6148,3849.356666562314,3.849356666562314
66,salta,66133,rivadavia,2024,415,1090.326309705218,1.0903263097052178
66,salta,66140,rosario de la frontera,2024,1041,3084.4444444444443,3.0844444444444443
66,salta,66147,rosario de lerma,2024,1522,2986.597594238732,2.986597594238732
66,salta,66154,san carlos,2024,113,1452.6288726057337,1.4526288726057337
66,salta,66161,santa victoria,2024,77,818.1914780575922,0.8181914780575922
70,san juan,70007,albardón,2024,790,2525.494709248426,2.525494709248425
70,san juan,70014,angaco,2024,213,2093.9834840739286,2.0939834840739286
70,san juan,70021,calingasta,2024,189,1771.8196306365426,1.7718196306365424
70,san juan,70028,capital,2024,5561,4842.009943491019,4.842009943491019
70,san juan,70035,caucete,2024,1632,3707.658404707272,3.707658404707273
70,san juan,70042,chimbas,2024,2934,2827.3522722892494,2.8273522722892497
70,san juan,70049,iglesia,2024,140,1586.2225243598457,1.5862225243598458
70,san juan,70056,jáchal,2024,295,1167.4383632118406,1.1674383632118406
70,san juan,70063,9 de julio,2024,302,2416.3866218594976,2.4163866218594974
70,san juan,70070,pocito,2024,1386,1901.7824064545343,1.9017824064545343
70,san juan,70077,rawson,2024,6132,4489.61063683355,4.48961063683355
70,san juan,70084,rivadavia,2024,3937,3885.17180808021,3.88517180808021
70,san juan,70091,san martín,2024,294,1955.177229500565,1.9551772295005652
70,san juan,70098,santa lucía,2024,2503,3992.2165334864503,3.9922165334864506
70,san juan,70105,sarmiento,2024,441,1622.0391349124616,1.6220391349124614
70,san juan,70112,ullúm,2024,150,2324.1400681747755,2.3241400681747755
70,san juan,70119,valle fértil,2024,142,1685.4599406528191,1.685459940652819
70,san juan,70126,25 de mayo,2024,504,2420.284287360738,2.420284287360737
70,san juan,70133,zonda,2024,129,1932.873838777345,1.932873838777345
74,san luis,74007,ayacucho,2024,281,1188.0099775926944,1.1880099775926944
74,san luis,74014,belgrano,2024,81,1452.9147982062782,1.452914798206278
74,san luis,74021,coronel pringles,2024,228,1421.0919970082273,1.4210919970082274
74,san luis,74028,chacabuco,2024,251,946.3841339265516,0.9463841339265516
74,san luis,74035,general pedernera,2024,2084,1401.7528637057665,1.4017528637057666
74,san luis,74042,gobernador dupuy,2024,128,892.9817217803824,0.8929817217803824
74,san luis,74049,junín,2024,385,955.595820199062,0.955595820199062
74,san luis,74063,libertador general san martín,2024,39,831.3792368364954,0.8313792368364954
78,santa cruz,78007,corpen aike,2024,313,2081.8091120718323,2.0818091120718325
78,santa cruz,78014,deseado,2024,3933,3114.8527711339552,3.1148527711339558
78,santa cruz,78021,güer aike,2024,2770,2017.3477339431504,2.0173477339431503
78,santa cruz,78028,lago argentino,2024,534,2103.6873621178697,2.1036873621178698
78,santa cruz,78035,lago buenos aires,2024,303,2407.819453273999,2.4078194532739987
78,santa cruz,78042,magallanes,2024,285,2221.702525724977,2.2217025257249765
78,santa cruz,78049,río chico,2024,93,1483.0170626694307,1.4830170626694308
82,santa fe,82007,belgrano,2024,895,1843.6882003955172,1.8436882003955173
82,santa fe,82014,caseros,2024,2091,2424.038673328618,2.424038673328619
82,santa fe,82021,castellanos,2024,5319,2807.393489000549,2.8073934890005487
82,santa fe,82028,constitución,2024,1853,1992.47311827957,1.99247311827957
82,santa fe,82035,garay,2024,662,2663.662334527019,2.663662334527019
82,santa fe,82042,general lópez,2024,1391,693.9213289765783,0.6939213289765783
82,santa fe,82049,general obligado,2024,4201,2126.733254696684,2.1267332546966835
82,santa fe,82056,iriondo,2024,991,1345.8091151067413,1.3458091151067413
82,santa fe,82063,la capital,2024,15982,2812.4499567978687,2.8124499567978685
82,santa fe,82070,las colonias,2024,2054,1790.2902466660855,1.7902902466660855
82,santa fe,82077,9 de julio,2024,1282,4143.235731368367,4.143235731368367
82,santa fe,82084,rosario,2024,29995,2241.8491462362795,2.24184914623628
82,santa fe,82091,san cristóbal,2024,1208,1664.0722934718224,1.6640722934718224
82,santa fe,82098,san javier,2024,802,2417.11874623267,2.41711874623267
82,santa fe,82105,san jerónimo,2024,2136,2524.3154448869614,2.524315444886961
82,santa fe,82112,san justo,2024,1050,2258.7445682571097,2.25874456825711
82,santa fe,82119,san lorenzo,2024,6069,3131.805187165224,3.131805187165224
82,santa fe,82126,san martín,2024,1141,1695.4189512474184,1.6954189512474185
82,santa fe,82133,vera,2024,1004,1810.2158195553795,1.8102158195553792
86,santiago del estero,86007,aguirre,2024,143,1596.160285746177,1.596160285746177
86,santiago del estero,86014,alberdi,2024,165,820.7321925984879,0.820732192598488
86,santiago del estero,86021,atamisqui,2024,109,731.8383241573788,0.7318383241573788
86,santiago del estero,86028,avellaneda,2024,107,420.23407430681016,0.4202340743068101
86,santiago del estero,86035,banda,2024,6530,3832.13713534545,3.8321371353454494
86,santiago del estero,86042,belgrano,2024,138,1276.713849569803,1.276713849569803
86,santiago del estero,86049,capital,2024,12641,3844.305768435394,3.844305768435394
86,santiago del estero,86056,copo,2024,598,1677.278209407343,1.6772782094073428
86,santiago del estero,86063,choya,2024,1170,2677.835759406757,2.677835759406757
86,santiago del estero,86070,figueroa,2024,155,765.5833251012546,0.7655833251012546
86,santiago del estero,86077,general taboada,2024,721,1557.1008984105044,1.5571008984105044
86,santiago del estero,86084,guasayán,2024,207,2237.5959355745326,2.2375959355745327
86,santiago del estero,86091,jiménez,2024,277,1487.487917516915,1.4874879175169151
86,santiago del estero,86098,juan f. ibarra,2024,261,1269.0231924928282,1.2690231924928284
86,santiago del estero,86105,loreto,2024,188,781.8023038216826,0.7818023038216826
86,santiago del estero,86112,mitre,2024,15,1041.6666666666663,1.0416666666666663
86,santiago del estero,86119,moreno,2024,504,1249.0087232355274,1.2490087232355274
86,santiago del estero,86126,ojo de agua,2024,193,1285.9808102345417,1.2859808102345416
86,santiago del estero,86133,pellegrini,2024,323,1233.1538960791052,1.233153896079105
86,santiago del estero,86140,quebrachos,2024,197,1596.9520103761347,1.5969520103761348
86,santiago del estero,86147,río hondo,2024,1847,2771.7334213725107,2.771733421372511
86,santiago del estero,86154,rivadavia,2024,42,790.3650733910425,0.7903650733910426
86,santiago del estero,86161,robles,2024,863,1601.737226006422,1.6017372260064218
86,santiago del estero,86168,salavina,2024,112,876.7123287671233,0.8767123287671232
86,santiago del estero,86175,san martín,2024,76,679.6029687919163,0.6796029687919163
86,santiago del estero,86182,sarmiento,2024,73,1450.139054429877,1.450139054429877
86,santiago del estero,86189,silípica,2024,58,593.897194347737,0.593897194347737
90,tucumán,90007,burruyacú,2024,455,1000.901911612662,1.000901911612662
90,tucumán,90014,cruz alta,2024,3783,1661.4841361863605,1.6614841361863604
90,tucumán,90021,chicligasta,2024,1439,1558.911470295099,1.558911470295099
90,tucumán,90028,famaillá,2024,769,1802.2451897161875,1.8022451897161875
90,tucumán,90035,graneros,2024,135,868.7817748889889,0.868781774888989
90,tucumán,90042,juan bautista alberdi,2024,396,1139.7323355878543,1.1397323355878544
90,tucumán,90049,la cocha,2024,185,872.8061898471409,0.8728061898471409
90,tucumán,90056,leales,2024,954,1437.786351579455,1.4377863515794551
90,tucumán,90063,lules,2024,1575,1685.1408028759736,1.6851408028759736
90,tucumán,90070,monteros,2024,921,1188.862641830926,1.188862641830926
90,tucumán,90077,río chico,2024,962,1481.6640226716158,1.4816640226716158
90,tucumán,90084,capital,2024,18812,3203.192976541362,3.203192976541362
90,tucumán,90091,simoca,2024,377,1020.408163265306,1.020408163265306
90,tucumán,90098,tafí del valle,2024,474,2117.773210615673,2.117773210615673
90,tucumán,90105,tafí viejo,2024,3477,2011.2565581309248,2.0112565581309254
90,tucumán,90112,trancas,2024,393,1676.7642290297806,1.6767642290297806
90,tucumán,90119,yerba buena,2024,1805,1759.4478940237257,1.7594478940237257
94,"tierra del fuego, antártida e islas del atlántico sur",94007,río grande,2024,2573,2601.039202604072,2.601039202604072
94,"tierra del fuego, antártida e islas del atlántico sur",94014,ushuaia,2024,1758,2197.252809058981,2.197252809058981
