region,anio,Indice_IPC
cuyo,2016,100.0
cuyo,2017,113.15353333333333
cuyo,2018,153.10280833333334
cuyo,2019,237.59658333333334
cuyo,2020,340.498
cuyo,2021,510.8424583333333
cuyo,2022,878.7833999999999
cuyo,2023,2019.1807333333334
cuyo,2024,6449.676708333333
cuyo,2025,9055.200841666667
cuyo,2026,10741.6441
gba,2016,100.0
gba,2017,112.985075
gba,2018,151.56981666666667
gba,2019,231.60509166666668
gba,2020,325.3643583333333
gba,2021,478.6150583333333
gba,2022,828.6036833333334
gba,2023,1939.2972333333335
gba,2024,6263.886041666668
gba,2025,8947.84085
gba,2026,10531.717700000001
nea,2016,100.0
nea,2017,112.16188333333334
nea,2018,148.771275
nea,2019,232.35540833333334
nea,2020,339.32620000000003
nea,2021,509.50795
nea,2022,885.369425
nea,2023,2076.6224666666667
nea,2024,6418.266283333333
nea,2025,8877.219866666666
nea,2026,10513.73155
noa,2016,100.0
noa,2017,113.35617500000001
noa,2018,151.62908333333334
noa,2019,235.28336666666667
noa,2020,336.76238333333333
noa,2021,502.7731833333333
noa,2022,869.5214
noa,2023,2036.0322583333334
noa,2024,6363.719033333334
noa,2025,9033.7181
noa,2026,10610.46315
pampeana,2016,100.0
pampeana,2017,112.74496666666666
pampeana,2018,151.7446
pampeana,2019,232.9267583333333
pampeana,2020,333.64571666666666
pampeana,2021,499.07357500000006
pampeana,2022,855.2844833333334
pampeana,2023,1996.2926583333335
pampeana,2024,6356.215883333333
pampeana,2025,8960.380633333334
pampeana,2026,10557.36785
patagonia,2016,100.0
patagonia,2017,112.69077499999999
patagonia,2018,151.49149166666666
patagonia,2019,233.97375833333334
patagonia,2020,329.6104833333333
patagonia,2021,485.76885833333336
patagonia,2022,835.4642916666667
patagonia,2023,1928.9852666666666
patagonia,2024,6248.453975
patagonia,2025,9078.981475
patagonia,2026,10711.29495
