jurisdiccion,anio,variacion_acceso_internet_pct
CABA y provincia de Buenos Aires,2016,
CABA y provincia de Buenos Aires,2017,4.281204657664772
CABA y provincia de Buenos Aires,2018,-0.08457162337115465
CABA y provincia de Buenos Aires,2019,3.259377064215485
CABA y provincia de Buenos Aires,2020,-0.9060548261871637
CABA y provincia de Buenos Aires,2021,5.0425518905594435
CABA y provincia de Buenos Aires,2022,9.714658640109942
CABA y provincia de Buenos Aires,2023,7.971207677952541
CABA y provincia de Buenos Aires,2024,2.207989387423237
CABA y provincia de Buenos Aires,2025,3.678000193766051
Catamarca,2016,
Catamarca,2017,7.794073652758748
Catamarca,2018,0.3025423148084627
Catamarca,2019,-0.8229060985232795
Catamarca,2020,4.805499872560559
Catamarca,2021,8.152527556312151
Catamarca,2022,6.479121679304978
Catamarca,2023,7.41358130370664
Catamarca,2024,2.5957284984872375
Catamarca,2025,1.9378101927180813
Chaco,2016,
Chaco,2017,15.91336217664827
Chaco,2018,1.6053048903692746
Chaco,2019,1.2763434147188057
Chaco,2020,1.7418696090938601
Chaco,2021,8.033068948617505
Chaco,2022,12.58000497007079
Chaco,2023,10.050678109169752
Chaco,2024,2.7109160990036685
Chaco,2025,2.1205930334430967
Chubut,2016,
Chubut,2017,4.175487700340286
Chubut,2018,-9.613181833057748
Chubut,2019,0.6967409558161775
Chubut,2020,2.5125550702279176
Chubut,2021,6.7791769180275185
Chubut,2022,2.3461155127169953
Chubut,2023,1.429663703226769
Chubut,2024,2.7576819723712953
Chubut,2025,1.8587625574505662
Corrientes,2016,
Corrientes,2017,10.749715959438877
Corrientes,2018,1.057391131758334
Corrientes,2019,0.6076161927874191
Corrientes,2020,3.721530632289305
Corrientes,2021,8.55652967671281
Corrientes,2022,9.001408357747476
Corrientes,2023,10.225013795704264
Corrientes,2024,2.6067963041713327
Corrientes,2025,2.5529081092485972
Córdoba,2016,
Córdoba,2017,5.569431546395243
Córdoba,2018,0.5379244466631405
Córdoba,2019,-0.06410572656542213
Córdoba,2020,2.3292652790155577
Córdoba,2021,5.163608336622794
Córdoba,2022,6.372811616826368
Córdoba,2023,6.382301185613515
Córdoba,2024,1.561889153799223
Córdoba,2025,3.3207923236896475
Entre Ríos,2016,
Entre Ríos,2017,7.759420566666497
Entre Ríos,2018,0.737252472822969
Entre Ríos,2019,1.1259834644619326
Entre Ríos,2020,2.304455524878324
Entre Ríos,2021,7.157575323582588
Entre Ríos,2022,9.473759144777215
Entre Ríos,2023,8.974040180971121
Entre Ríos,2024,2.3802441318513834
Entre Ríos,2025,2.810968182326401
Formosa,2016,
Formosa,2017,12.394023637508367
Formosa,2018,0.158588866038456
Formosa,2019,1.1193458096677933
Formosa,2020,3.8300193710838037
Formosa,2021,7.022592163768859
Formosa,2022,11.566142616640906
Formosa,2023,12.927950139938705
Formosa,2024,3.10364697461214
Formosa,2025,3.305518221637782
Jujuy,2016,
Jujuy,2017,9.557965457455332
Jujuy,2018,1.519007566506514
Jujuy,2019,1.1556534838230936
Jujuy,2020,1.815733517073781
Jujuy,2021,7.805601287986974
Jujuy,2022,9.13909209322279
Jujuy,2023,10.668716219238084
Jujuy,2024,2.636813611987132
Jujuy,2025,3.443171842142867
La Pampa,2016,
La Pampa,2017,4.451815335748388
La Pampa,2018,-1.809111490111781
La Pampa,2019,2.1949673684030113
La Pampa,2020,2.4270705526614034
La Pampa,2021,4.01417808353679
La Pampa,2022,6.152194267709299
La Pampa,2023,6.396251965072297
La Pampa,2024,2.9366672323293708
La Pampa,2025,2.4234052168870868
La Rioja,2016,
La Rioja,2017,8.26083662237651
La Rioja,2018,1.2648563357340992
La Rioja,2019,2.657702940437301
La Rioja,2020,5.2188016402472615
La Rioja,2021,9.152672510571968
La Rioja,2022,11.441109521874871
La Rioja,2023,10.663335949580311
La Rioja,2024,2.3334393666277986
La Rioja,2025,2.688476575991605
Mendoza,2016,
Mendoza,2017,2.6383173133550653
Mendoza,2018,-4.557891354514565
Mendoza,2019,-0.9845658320459361
Mendoza,2020,8.475171276353821
Mendoza,2021,5.750420475369533
Mendoza,2022,6.373997330324044
Mendoza,2023,6.737922752789394
Mendoza,2024,3.9748879413885607
Mendoza,2025,3.0849326243950648
Misiones,2016,
Misiones,2017,13.83244838562363
Misiones,2018,0.8184088092115793
Misiones,2019,2.257714680074918
Misiones,2020,2.9578011235067425
Misiones,2021,10.702902614011123
Misiones,2022,13.32931796386594
Misiones,2023,10.832028546777227
Misiones,2024,1.7019801341589202
Misiones,2025,0.9778144204945605
Neuquén,2016,
Neuquén,2017,1.3202786113418075
Neuquén,2018,-3.360146915390849
Neuquén,2019,3.698039267839648
Neuquén,2020,6.674475570812377
Neuquén,2021,5.578398134121998
Neuquén,2022,6.5990087990195345
Neuquén,2023,6.837490662998791
Neuquén,2024,3.898929440162102
Neuquén,2025,3.2707897078251724
Río Negro,2016,
Río Negro,2017,0.1974536407316485
Río Negro,2018,-7.710149722293647
Río Negro,2019,0.08396943590462946
Río Negro,2020,2.2876586732280435
Río Negro,2021,4.733141122624729
Río Negro,2022,4.750544945978863
Río Negro,2023,4.3373113832462895
Río Negro,2024,4.489823970584439
Río Negro,2025,3.280351763421341
Salta,2016,
Salta,2017,8.383915153619647
Salta,2018,0.09717502856372295
Salta,2019,0.6617596405046999
Salta,2020,3.2845189826371968
Salta,2021,8.306039338012305
Salta,2022,12.419775420228651
Salta,2023,12.158572880872542
Salta,2024,3.5415412328090756
Salta,2025,2.883756893296807
San Juan,2016,
San Juan,2017,2.0878626730272964
San Juan,2018,-6.76096744478214
San Juan,2019,-2.5280575775999514
San Juan,2020,16.740561544880595
San Juan,2021,7.6831711763750254
San Juan,2022,5.894895186170257
San Juan,2023,3.609270097410877
San Juan,2024,3.2095750190208827
San Juan,2025,3.184721267198176
San Luis,2016,
San Luis,2017,4.61239927440551
San Luis,2018,-4.393702134185007
San Luis,2019,-1.1505243676742771
San Luis,2020,8.852310668705332
San Luis,2021,8.247357663563992
San Luis,2022,8.630226036943789
San Luis,2023,6.3011127496983566
San Luis,2024,2.5503302594843014
San Luis,2025,1.8806728849362964
Santa Cruz,2016,
Santa Cruz,2017,-1.7251079206742514
Santa Cruz,2018,-7.007799899817801
Santa Cruz,2019,-0.24387645171601857
Santa Cruz,2020,0.7862288311595744
Santa Cruz,2021,-1.8439691258809177
Santa Cruz,2022,9.615130670700234
Santa Cruz,2023,10.42631024399483
Santa Cruz,2024,2.845855311119694
Santa Cruz,2025,2.244854347678782
Santa Fe,2016,
Santa Fe,2017,6.3984256471115275
Santa Fe,2018,0.2906747160516865
Santa Fe,2019,1.6434616234209498
Santa Fe,2020,1.9144437306128692
Santa Fe,2021,6.003621867265196
Santa Fe,2022,6.033789928196942
Santa Fe,2023,4.506262702665853
Santa Fe,2024,2.431433842680142
Santa Fe,2025,3.450545301895236
Santiago del Estero,2016,
Santiago del Estero,2017,11.660920981763523
Santiago del Estero,2018,0.7445961923900013
Santiago del Estero,2019,2.235427718059202
Santiago del Estero,2020,3.5681679853925674
Santiago del Estero,2021,10.392353714178437
Santiago del Estero,2022,11.438878186186097
Santiago del Estero,2023,11.978754202600905
Santiago del Estero,2024,2.4283652961885505
Santiago del Estero,2025,4.157235169893392
"Tierra del Fuego, Antártida e Islas del Atlántico Sur",2016,
"Tierra del Fuego, Antártida e Islas del Atlántico Sur",2017,-4.6361846575565195
"Tierra del Fuego, Antártida e Islas del Atlántico Sur",2018,0.3276372361545876
"Tierra del Fuego, Antártida e Islas del Atlántico Sur",2019,-1.1988296994124181
"Tierra del Fuego, Antártida e Islas del Atlántico Sur",2020,-2.4875744152756396
"Tierra del Fuego, Antártida e Islas del Atlántico Sur",2021,6.29662298387097
"Tierra del Fuego, Antártida e Islas del Atlántico Sur",2022,6.987931108534129
"Tierra del Fuego, Antártida e Islas del Atlántico Sur",2023,3.2045367731319496
"Tierra del Fuego, Antártida e Islas del Atlántico Sur",2024,2.1461353619788515
"Tierra del Fuego, Antártida e Islas del Atlántico Sur",2025,3.9122121446927505
Total del país,2016,
Total del país,2017,5.3964628217336275
Total del país,2018,-0.4975450340566345
Total del país,2019,2.0337536795326905
Total del país,2020,1.27998237850675
Total del país,2021,5.871523180460803
Total del país,2022,8.7479186915586
Total del país,2023,7.70034014941805
Total del país,2024,2.4304897398995884
Total del país,2025,3.339967505929886
Tucumán,2016,
Tucumán,2017,7.043813038363922
Tucumán,2018,0.17809675918722956
Tucumán,2019,0.5598987884553264
Tucumán,2020,3.927721662132866
Tucumán,2021,6.653421429561512
Tucumán,2022,5.440594288433442
Tucumán,2023,7.211181079487683
Tucumán,2024,3.241636398775083
Tucumán,2025,3.655636330185752
