redcode,ndpto_0,redcoden_1,
02007,Comuna 1,2007,
02014,Comuna 2,2014,
02021,Comuna 3,2021,
02028,Comuna 4,2028,
02035,Comuna 5,2035,
02042,Comuna 6,2042,
02049,Comuna 7,2049,
02056,Comuna 8,2056,
02063,Comuna 9,2063,
02070,Comuna 10,2070,
02077,Comuna 11,2077,
02084,Comuna 12,2084,
02091,Comuna 13,2091,
02098,Comuna 14,2098,
02105,Comuna 15,2105,
06007,Adolfo Alsina,6007,
06014,Adolfo Gonzales Chaves,6014,
06021,Alberti,6021,
06028,Almirante Brown,6028,
06035,Avellaneda,6035,
06042,Ayacucho,6042,
06049,Azul,6049,
06056,Bahía Blanca,6056,
06063,Balcarce,6063,
06070,Baradero,6070,
06077,Arrecifes,6077,
06084,Benito Juárez,6084,
06091,Berazategui,6091,
06098,Berisso,6098,
06105,Bolívar,6105,
06112,Bragado,6112,
06119,Brandsen,6119,
06126,Campana,6126,
06134,Ca˝uelas,6134,
06140,Capitán Sarmiento,6140,
06147,Carlos Casares,6147,
06154,Carlos Tejedor,6154,
06161,Carmen de Areco,6161,
06168,Castelli,6168,
06175,Colón,6175,
06182,Coronel de Marina Leonardo Rosales,6182,
06189,Coronel Dorrego,6189,
06196,Coronel Pringles,6196,
06203,Coronel Suárez,6203,
06210,Chacabuco,6210,
06218,Chascomús,6218,
06224,Chivilcoy,6224,
06231,Daireaux,6231,
06238,Dolores,6238,
06245,Ensenada,6245,
06252,Escobar,6252,
06260,Esteban Echeverrķa,6260,
06266,Exaltación de la Cruz,6266,
06270,Ezeiza,6270,
06274,Florencio Varela,6274,
06277,Florentino Ameghino,6277,
06280,General Alvarado,6280,
06287,General Alvear,6287,
06294,General Arenales,6294,
06301,General Belgrano,6301,
06308,General Guido,6308,
06315,General Juan Madariaga,6315,
06322,General La Madrid,6322,
06329,General Las Heras,6329,
06336,General Lavalle,6336,
06343,General Paz,6343,
06351,General Pinto,6351,
06357,General Pueyrredón,6357,
06364,General Rodríguez,6364,
06371,General San Martín,6371,
06385,General Viamonte,6385,
06392,General Villegas,6392,
06399,Guaminí,6399,
06406,Hipólito Yrigoyen,6406,
06408,Hurlingham,6408,
06410,Ituzaingˇ,6410,
06412,Josť C. Paz,6412,
06413,Junín,6413,
06420,La Costa,6420,
06427,La Matanza,6427,
06434,Lanús,6434,
06441,La Plata,6441,
06448,Laprida,6448,
06455,Las Flores,6455,
06462,Leandro N. Alem,6462,
06466,Lezama,6466,
06469,Lincoln,6469,
06476,Loberķa,6476,
06483,Lobos,6483,
06490,Lomas de Zamora,6490,
06497,LujŠn,6497,
06505,Magdalena,6505,
06511,Maipú,6511,
06515,Malvinas Argentinas,6515,
06518,Mar Chiquita,6518,
06525,Marcos Paz,6525,
06532,Mercedes,6532,
06539,Merlo,6539,
06547,Monte,6547,
06553,Monte Hermoso,6553,
06560,Moreno,6560,
06568,Morón,6568,
06574,Navarro,6574,
06581,Necochea,6581,
06588,9 de Julio,6588,
06595,Olavarrķa,6595,
06602,Patagones,6602,
06609,Pehuajó,6609,
06616,Pellegrini,6616,
06623,Pergamino,6623,
06630,Pila,6630,
06638,Pilar,6638,
06644,Pinamar,6644,
06648,Presidente Perón,6648,
06651,Puan,6651,
06655,Punta Indio,6655,
06658,Quilmes,6658,
06665,Ramallo,6665,
06672,Rauch,6672,
06679,Rivadavia,6679,
06686,Rojas,6686,
06693,Roque Pérez,6693,
06700,Saavedra,6700,
06707,Saladillo,6707,
06714,Salto,6714,
06721,Salliqueló,6721,
06728,San Andrés de Giles,6728,
06735,San Antonio de Areco,6735,
06742,San Cayetano,6742,
06749,San Fernando,6749,
06756,San Isidro,6756,
06760,San Miguel,6760,
06763,San Nicolás,6763,
06770,San Pedro,6770,
06778,San Vicente,6778,
06784,Suipacha,6784,
06791,Tandil,6791,
06798,Tapalqué,6798,
06805,Tigre,6805,
06812,Tordillo,6812,
06819,Tornquist,6819,
06826,Trenque Lauquen,6826,
06833,Tres Arroyos,6833,
06840,Tres de Febrero,6840,
06847,Tres Lomas,6847,
06854,25 de Mayo,6854,
06861,Vicente López,6861,
06868,Villa Gesell,6868,
06875,Villarino,6875,
06882,Zárate,6882,
10007,Ambato,10007,
10014,Ancasti,10014,
10021,Andalgalá,10021,
10028,Antofagasta de la Sierra,10028,
10035,BelÚn,10035,
10042,CapayŠn,10042,
10049,Capital,10049,
10056,El Alto,10056,
10063,Fray Mamerto Esquiú,10063,
10070,La Paz,10070,
10077,Paclín,10077,
10084,Pomán,10084,
10091,Santa Marķa,10091,
10098,Santa Rosa,10098,
10105,Tinogasta,10105,
10112,Valle Viejo,10112,
14007,Calamuchita,14007,
14014,Capital,14014,
14021,Colón,14021,
14028,Cruz del Eje,14028,
14035,General Roca,14035,
14042,General San Martín,14042,
14049,Ischilín,14049,
14056,Juárez Celman,14056,
14063,Marcos Juárez,14063,
14070,Minas,14070,
14077,Pocho,14077,
14084,Presidente Roque Sáenz Peña,14084,
14091,Punilla,14091,
14098,Río Cuarto,14098,
14105,Río Primero,14105,
14112,Río Seco,14112,
14119,Río Segundo,14119,
14126,San Alberto,14126,
14133,San Javier,14133,
14140,San Justo,14140,
14147,Santa Marķa,14147,
14154,Sobremonte,14154,
14161,Tercero Arriba,14161,
14168,Totoral,14168,
14175,Tulumba,14175,
14182,Unión,14182,
18007,Bella Vista,18007,
18014,Berón de Astrada,18014,
18021,Capital,18021,
18028,Concepción,18028,
18035,Curuzú Cuatiá,18035,
18042,Empedrado,18042,
18049,Esquina,18049,
18056,General Alvear,18056,
18063,General Paz,18063,
18070,Goya,18070,
18077,Itatí,18077,
18084,Ituzaingˇ,18084,
18091,Lavalle,18091,
18098,MburucuyŠ,18098,
18105,Mercedes,18105,
18112,Monte Caseros,18112,
18119,Paso de los Libres,18119,
18126,Saladas,18126,
18133,San Cosme,18133,
18140,San Luis del Palmar,18140,
18147,San Martín,18147,
18154,San Miguel,18154,
18161,San Roque,18161,
18168,Santo Tomé,18168,
18175,Sauce,18175,
22007,Almirante Brown,22007,
22014,Bermejo,22014,
22021,Comandante Fernández,22021,
22028,Chacabuco,22028,
22036,12 de Octubre,22036,
22039,2 de Abril,22039,
22043,Fray Justo Santa Marķa de Oro,22043,
22049,General Belgrano,22049,
22056,General Donovan,22056,
22063,General GŁemes,22063,
22070,Independencia,22070,
22077,Libertad,22077,
22084,Libertador General San Martín,22084,
22091,Maipú,22091,
22098,Mayor Luis J. Fontana,22098,
22105,9 de Julio,22105,
22112,O'Higgins,22112,
22119,Presidencia de la Plaza,22119,
22126,1º de Mayo,22126,
22133,Quitilipi,22133,
22140,San Fernando,22140,
22147,San Lorenzo,22147,
22154,Sargento Cabral,22154,
22161,Tapenagá,22161,
22168,25 de Mayo,22168,
26007,Biedma,26007,
26014,Cushamen,26014,
26021,Escalante,26021,
26028,Florentino Ameghino,26028,
26035,Futaleufú,26035,
26042,Gaiman,26042,
26049,Gastre,26049,
26056,Languiņeo,26056,
26063,Mártires,26063,
26070,Paso de Indios,26070,
26077,Rawson,26077,
26084,Río Senguer,26084,
26091,Sarmiento,26091,
26098,Tehuelches,26098,
26105,Telsen,26105,
30008,Colón,30008,
30015,Concordia,30015,
30021,Diamante,30021,
30028,Federación,30028,
30035,Federal,30035,
30042,Feliciano,30042,
30049,Gualeguay,30049,
30056,Gualeguaychú,30056,
30063,Islas del Ibicuy,30063,
30070,La Paz,30070,
30077,NogoyŠ,30077,
30084,Paraná,30084,
30088,San Salvador,30088,
30091,Tala,30091,
30098,Uruguay,30098,
30105,Victoria,30105,
30113,Villaguay,30113,
34007,Bermejo,34007,
34014,Formosa,34014,
34021,Laishi,34021,
34028,Matacos,34028,
34035,Patiņo,34035,
34042,Pilagás,34042,
34049,Pilcomayo,34049,
34056,Pirané,34056,
34063,Ramón Lista,34063,
38007,Cochinoca,38007,
38014,El Carmen,38014,
38021,Dr. Manuel Belgrano,38021,
38028,Humahuaca,38028,
38035,Ledesma,38035,
38042,Palpalį,38042,
38049,Rinconada,38049,
38056,San Antonio,38056,
38063,San Pedro,38063,
38070,Santa Bárbara,38070,
38077,Santa Catalina,38077,
38084,Susques,38084,
38094,Tilcara,38094,
38098,Tumbaya,38098,
38105,Valle Grande,38105,
38112,Yavi,38112,
42007,Atreucó,42007,
42014,Caleu Caleu,42014,
42021,Capital,42021,
42028,Catriló,42028,
42035,Conhelo,42035,
42042,Curacó,42042,
42049,Chalileo,42049,
42056,Chapaleufú,42056,
42063,Chical Co,42063,
42070,Guatraché,42070,
42077,Hucal,42077,
42084,Lihuel Calel,42084,
42091,Limay Mahuida,42091,
42098,Loventué,42098,
42105,Maracó,42105,
42112,Puelén,42112,
42119,Quemú Quemú,42119,
42126,Rancul,42126,
42133,Realicó,42133,
42140,Toay,42140,
42147,Trenel,42147,
42154,Utracán,42154,
46007,Arauco,46007,
46014,Capital,46014,
46021,Castro Barros,46021,
46028,General Felipe Varela,46028,
46035,Chamical,46035,
46042,Chilecito,46042,
46049,Famatina,46049,
46056,Ángel Vicente Peñaloza,46056,
46063,General Belgrano,46063,
46070,General Juan Facundo Quiroga,46070,
46077,General Lamadrid,46077,
46084,General Ortiz de Ocampo,46084,
46091,General San Martín,46091,
46098,Vinchina,46098,
46105,Independencia,46105,
46112,Rosario Vera Peņaloza,46112,
46119,San Blas de Los Sauces,46119,
46126,Sanagasta,46126,
50007,Capital,50007,
50014,General Alvear,50014,
50021,Godoy Cruz,50021,
50028,Guaymallén,50028,
50035,Junín,50035,
50042,La Paz,50042,
50049,Las Heras,50049,
50056,Lavalle,50056,
50063,LujŠn de Cuyo,50063,
50070,Maipú,50070,
50077,MalargŁe,50077,
50084,Rivadavia,50084,
50091,San Carlos,50091,
50098,San Martín,50098,
50105,San Rafael,50105,
50112,Santa Rosa,50112,
50119,TunuyŠn,50119,
50126,Tupungato,50126,
54007,Apůstoles,54007,
54014,Cainguás,54014,
54021,Candelaria,54021,
54028,Capital,54028,
54035,Concepción,54035,
54042,Eldorado,54042,
54049,General Manuel Belgrano,54049,
54056,Guaraní,54056,
54063,Iguaz˙,54063,
54070,Leandro N. Alem,54070,
54077,Libertador General San Martín,54077,
54084,Montecarlo,54084,
54091,Oberá,54091,
54098,San Ignacio,54098,
54105,San Javier,54105,
54112,San Pedro,54112,
54119,25 de Mayo,54119,
58007,Aluminé,58007,
58014,Aņelo,58014,
58021,Catán Lil,58021,
58028,Collón Curá,58028,
58035,Confluencia,58035,
58042,Chos Malal,58042,
58049,Huiliches,58049,
58056,Lácar,58056,
58063,Loncopué,58063,
58070,Los Lagos,58070,
58077,Minas,58077,
58084,Ñorquín,58084,
58091,Pehuenches,58091,
58098,Picún Leufú,58098,
58105,Picunches,58105,
58112,Zapala,58112,
62007,Adolfo Alsina,62007,
62014,Avellaneda,62014,
62021,Bariloche,62021,
62028,Conesa,62028,
62035,El Cuy,62035,
62042,General Roca,62042,
62049,9 de Julio,62049,
62056,Ñorquinco,62056,
62063,Pichi Mahuida,62063,
62070,Pilcaniyeu,62070,
62077,San Antonio,62077,
62084,Valcheta,62084,
62091,25 de Mayo,62091,
66007,Anta,66007,
66014,Cachi,66014,
66021,Cafayate,66021,
66028,Capital,66028,
66035,Cerrillos,66035,
66042,Chicoana,66042,
66049,General GŁemes,66049,
66056,General José de San Martín,66056,
66063,Guachipas,66063,
66070,Iruya,66070,
66077,La Caldera,66077,
66084,La Candelaria,66084,
66091,La Poma,66091,
66098,La Viņa,66098,
66105,Los Andes,66105,
66112,Metán,66112,
66119,Molinos,66119,
66126,Orán,66126,
66133,Rivadavia,66133,
66140,Rosario de la Frontera,66140,
66147,Rosario de Lerma,66147,
66154,San Carlos,66154,
66161,Santa Victoria,66161,
70007,Albardón,70007,
70014,Angaco,70014,
70021,Calingasta,70021,
70028,Capital,70028,
70035,Caucete,70035,
70042,Chimbas,70042,
70049,Iglesia,70049,
70056,Jáchal,70056,
70063,9 de Julio,70063,
70070,Pocito,70070,
70077,Rawson,70077,
70084,Rivadavia,70084,
70091,San Martín,70091,
70098,Santa Lucía,70098,
70105,Sarmiento,70105,
70112,Ullum,70112,
70119,Valle Fértil,70119,
70126,25 de Mayo,70126,
70133,Zonda,70133,
74007,Ayacucho,74007,
74014,Belgrano,74014,
74021,Coronel Pringles,74021,
74028,Chacabuco,74028,
74035,General Pedernera,74035,
74042,Gobernador Dupuy,74042,
74049,Junín,74049,
74056,Juan Martín de Pueyrredón,74056,
74063,Libertador General San Martín,74063,
78007,Corpen Aike,78007,
78014,Deseado,78014,
78021,GŁer Aike,78021,
78028,Lago Argentino,78028,
78035,Lago Buenos Aires,78035,
78042,Magallanes,78042,
78049,Río Chico,78049,
82007,Belgrano,82007,
82014,Caseros,82014,
82021,Castellanos,82021,
82028,Constitución,82028,
82035,Garay,82035,
82042,General López,82042,
82049,General Obligado,82049,
82056,Iriondo,82056,
82063,La Capital,82063,
82070,Las Colonias,82070,
82077,9 de Julio,82077,
82084,Rosario,82084,
82091,San Cristóbal,82091,
82098,San Javier,82098,
82105,San Jerónimo,82105,
82112,San Justo,82112,
82119,San Lorenzo,82119,
82126,San Martín,82126,
82133,Vera,82133,
86007,Aguirre,86007,
86014,Alberdi,86014,
86021,Atamisqui,86021,
86028,Avellaneda,86028,
86035,Banda,86035,
86042,Belgrano,86042,
86049,Capital,86049,
86056,Copo,86056,
86063,Choya,86063,
86070,Figueroa,86070,
86077,General Taboada,86077,
86084,Guasayán,86084,
86091,Jiménez,86091,
86098,Juan Felipe Ibarra,86098,
86105,Loreto,86105,
86112,Mitre,86112,
86119,Moreno,86119,
86126,Ojo de Agua,86126,
86133,Pellegrini,86133,
86140,Quebrachos,86140,
86147,Río Hondo,86147,
86154,Rivadavia,86154,
86161,Robles,86161,
86168,Salavina,86168,
86175,San Martín,86175,
86182,Sarmiento,86182,
86189,Silípica,86189,
90007,Burruyac˙,90007,
90014,Cruz Alta,90014,
90021,Chicligasta,90021,
90028,Famaillá,90028,
90035,Graneros,90035,
90042,Juan Bautista Alberdi,90042,
90049,La Cocha,90049,
90056,Leales,90056,
90063,Lules,90063,
90070,Monteros,90070,
90077,Río Chico,90077,
90084,Capital,90084,
90091,Simoca,90091,
90098,Tafí del Valle,90098,
90105,Tafí Viejo,90105,
90112,Trancas,90112,
90119,Yerba Buena,90119,
94008,Río Grande,94008,
94011,Tolhuin,94011,
94015,Ushuaia,94015,
