redcode,count_persona_0,
02007,221001,
02014,160609,
02021,193537,
02028,227024,
02035,192449,
02042,201764,
02049,213262,
02056,203888,
02063,167908,
02070,171896,
02077,201905,
02084,235364,
02091,262330,
02098,247252,
02105,195265,
06007,17344,
06014,12847,
06021,12906,
06028,583209,
06035,366117,
06042,21757,
06049,75152,
06056,334505,
06063,48516,
06070,39223,
06077,32077,
06084,21185,
06091,358328,
06098,100685,
06105,37194,
06112,46227,
06119,32350,
06126,107976,
06134,70542,
06140,15882,
06147,22905,
06154,14007,
06161,17345,
06168,9551,
06175,27406,
06182,65823,
06189,15795,
06196,24110,
06203,41713,
06210,52409,
06218,42191,
06224,70554,
06231,18328,
06238,31405,
06245,63978,
06252,256071,
06260,337880,
06266,40036,
06270,198620,
06274,488103,
06277,10759,
06280,45307,
06287,10150,
06294,16231,
06301,20674,
06308,3157,
06315,22566,
06322,11535,
06329,17980,
06336,4846,
06343,14141,
06351,12842,
06357,660569,
06364,142315,
06371,444503,
06385,22530,
06392,35055,
06399,11662,
06406,10581,
06408,185361,
06410,177983,
06412,326527,
06413,100964,
06420,100400,
06427,1837168,
06434,460081,
06441,756074,
06448,11496,
06455,27136,
06462,17153,
06466,6170,
06469,45191,
06476,18106,
06483,41418,
06490,685644,
06497,110111,
06505,22653,
06511,11253,
06515,349401,
06518,32973,
06525,64761,
06532,71002,
06539,581484,
06547,24616,
06553,8444,
06560,575758,
06568,329517,
06574,19888,
06581,101483,
06588,52366,
06595,122011,
06602,37499,
06609,44594,
06616,7112,
06623,114988,
06630,4615,
06638,393614,
06644,39224,
06648,101994,
06651,16391,
06655,12161,
06658,631774,
06665,39648,
06672,16491,
06679,19735,
06686,25619,
06693,13901,
06700,21407,
06707,35423,
06714,39257,
06721,9344,
06728,26399,
06735,26695,
06742,8918,
06749,171099,
06756,295978,
06760,327650,
06763,166657,
06770,68353,
06778,97929,
06784,11736,
06791,144678,
06798,10695,
06805,446291,
06812,2528,
06819,14591,
06826,49128,
06833,61889,
06840,362319,
06847,9090,
06854,35411,
06861,280541,
06868,37325,
06875,32552,
06882,131415,
10007,5087,
10014,3282,
10021,19545,
10028,1822,
10035,30353,
10042,19471,
10049,186466,
10056,4375,
10063,14624,
10070,26341,
10077,4696,
10084,12219,
10091,26822,
10098,13317,
10105,25254,
10112,33951,
14007,75462,
14014,1498060,
14021,294511,
14028,64748,
14035,36064,
14042,152397,
14049,36023,
14056,68317,
14063,107286,
14070,4855,
14077,5070,
14084,37551,
14091,219494,
14098,277979,
14105,58181,
14112,15275,
14119,113311,
14126,42029,
14133,62700,
14140,228951,
14147,139012,
14154,4381,
14161,120207,
14168,22473,
14175,14092,
14182,113635,
18007,44369,
18014,2808,
18021,437446,
18028,26270,
18035,51489,
18042,17948,
18049,39168,
18056,9051,
18063,17016,
18070,106223,
18077,11946,
18084,38767,
18091,40406,
18098,11541,
18105,49807,
18112,45602,
18119,56778,
18126,29126,
18133,19679,
18140,21381,
18147,15164,
18154,12700,
18161,22682,
18168,71922,
18175,10382,
22007,37794,
22014,28060,
22021,101086,
22028,34493,
22036,23179,
22039,8310,
22043,10643,
22049,12807,
22056,15061,
22063,68429,
22070,21948,
22077,13775,
22084,65304,
22091,26354,
22098,59798,
22105,30223,
22112,21544,
22119,13938,
22126,14265,
22133,32430,
22140,413764,
22147,16045,
22154,18696,
22161,4051,
22168,32606,
26007,102806,
26014,28099,
26021,214829,
26028,1782,
26035,49965,
26042,12505,
26049,1181,
26056,2862,
26063,744,
26070,1882,
26077,144420,
26084,6347,
26091,14477,
26098,5947,
26105,1608,
30008,74890,
30015,197603,
30021,52312,
30028,78264,
30035,29436,
30042,16717,
30049,56796,
30056,125176,
30063,13984,
30070,75271,
30077,42954,
30084,388716,
30088,20786,
30091,31091,
30098,115516,
30105,40301,
30113,55284,
34007,15600,
34014,268572,
34021,19275,
34028,17017,
34035,81600,
34042,19089,
34049,94116,
34056,72560,
34063,17678,
38007,14998,
38014,122259,
38021,319469,
38028,20877,
38035,94132,
38042,65522,
38049,1797,
38056,6729,
38063,88237,
38070,20497,
38077,2641,
38084,3966,
38094,14621,
38098,5298,
38105,2490,
38112,25831,
42007,11053,
42014,2611,
42021,118504,
42028,8225,
42035,15094,
42042,1103,
42049,2868,
42056,12277,
42063,1461,
42070,9397,
42077,7713,
42084,428,
42091,413,
42098,9243,
42105,69067,
42112,11636,
42119,8404,
42126,11090,
42133,17356,
42140,17927,
42147,5637,
42154,17686,
46007,16251,
46014,210507,
46021,5810,
46028,11371,
46035,15630,
46042,58681,
46049,6984,
46056,3184,
46063,7615,
46070,4013,
46077,1885,
46084,7347,
46091,5017,
46098,2695,
46105,2399,
46112,15764,
46119,4306,
46126,2994,
50007,123715,
50014,52379,
50021,194557,
50028,320871,
50035,46472,
50042,12018,
50049,233839,
50056,47086,
50063,171883,
50070,218887,
50077,32596,
50084,63589,
50091,39752,
50098,139406,
50105,213204,
50112,19379,
50119,59972,
50126,41168,
54007,50503,
54014,59875,
54021,34945,
54028,391498,
54035,10303,
54042,91133,
54049,45456,
54056,77075,
54063,99838,
54070,49391,
54077,52166,
54084,38620,
54091,120703,
54098,63194,
54105,23080,
54112,34690,
54119,30877,
58007,10173,
58014,18150,
58021,2641,
58028,4832,
58035,467217,
58042,18289,
58049,20853,
58056,39567,
58063,7696,
58070,15502,
58077,9267,
58084,5572,
58091,29721,
58098,5087,
58105,8471,
58112,45540,
62007,63845,
62014,41160,
62021,161443,
62028,7398,
62035,6960,
62042,379627,
62049,3682,
62056,1452,
62063,16493,
62070,9309,
62077,35473,
62084,4300,
62091,16555,
66007,69442,
66014,8928,
66021,17822,
66028,624003,
66035,55713,
66042,24715,
66049,55746,
66056,177448,
66063,3491,
66070,6116,
66077,12246,
66084,7182,
66091,1789,
66098,8888,
66105,7182,
66112,48028,
66119,5808,
66126,159715,
66133,38062,
66140,33750,
66147,50961,
66154,7779,
66161,9411,
70007,31281,
70014,10172,
70021,10667,
70028,114849,
70035,44017,
70042,103772,
70049,8826,
70056,25269,
70063,12498,
70070,72879,
70077,136582,
70084,101334,
70091,15037,
70098,62697,
70105,27188,
70112,6454,
70119,8425,
70126,20824,
70133,6674,
74007,23653,
74014,5575,
74021,16044,
74028,26522,
74035,148671,
74042,14334,
74049,40289,
74056,260769,
74063,4691,
78007,15035,
78014,126266,
78021,137309,
78028,25384,
78035,12584,
78042,12828,
78049,6271,
82007,48544,
82014,86261,
82021,189464,
82028,93000,
82035,24853,
82042,200455,
82049,197533,
82056,73636,
82063,568259,
82070,114730,
82077,30942,
82084,1337958,
82091,72593,
82098,33180,
82105,84617,
82112,46486,
82119,193786,
82126,67299,
82133,55463,
86007,8959,
86014,20104,
86021,14894,
86028,25462,
86035,170401,
86042,10809,
86049,328824,
86056,35653,
86063,43692,
86070,20246,
86077,46304,
86084,9251,
86091,18622,
86098,20567,
86105,24047,
86112,1440,
86119,40352,
86126,15008,
86133,26193,
86140,12336,
86147,66637,
86154,5314,
86161,53879,
86168,12775,
86175,11183,
86182,5034,
86189,9766,
90007,45459,
90014,227688,
90021,92308,
90028,42669,
90035,15539,
90042,34745,
90049,21196,
90056,66352,
90063,93464,
90070,77469,
90077,64927,
90084,587289,
90091,36946,
90098,22382,
90105,172877,
90112,23438,
90119,102589,
94008,98922,
94011,6027,
94015,80009,
